1,53-1,1st District,1
2,53-2,2nd District,2
3,53-3,3rd District,3
4,53-4,4th District,4
5,53-5,5th District,5
6,53-6,6th District,6
7,53-7,7th District,7
8,53-8,8th District,8
9,53-9,9th District,9
10,53-10,10th District,10
11,53-11,11th District,11
12,53-12,12th District,12
13,53-13,13th District,13
14,53-14,14th District,14
15,53-15,15th District,15
16,53-16,16th District,16
17,53-17,17th District,17
18,53-18,18th District,18
19,53-19,19th District,19
20,53-20,20th District,20
21,53-21,21th District,21
22,53-22,22th District,22
23,53-23,23th District,23
24,53-24,24th District,24
25,53-25,25th District,25
26,53-26,26th District,26
27,53-27,27th District,27
28,53-28,28th District,28
29,53-29,29th District,29
30,53-30,30th District,30
31,53-31,31th District,31
32,53-32,32th District,32
33,53-33,33th District,33
34,53-34,34th District,34
35,53-35,35th District,35
36,53-36,36th District,36
37,53-37,37th District,37
38,53-38,38th District,38
39,53-39,39th District,39
40,53-40,40th District,40
41,53-41,41th District,41
42,53-42,42th District,42
43,53-43,43th District,43
44,53-44,44th District,44
45,53-45,45th District,45
46,53-46,46th District,46
47,53-47,47th District,47
48,53-48,48th District,48
49,53-49,49th District,49
,,,
,,,
